Date,Open,High,Low,Close,Adj Close,Volume
2020-10-02,0.000901,0.000932,0.000781,0.000858,0.000858,115883
2020-10-03,0.000858,0.001006,0.000813,0.001006,0.001006,79884
2020-10-04,0.000994,0.001351,0.000945,0.001302,0.001302,255093
2020-10-05,null,null,null,null,null,null
2020-10-06,null,null,null,null,null,null
2020-10-07,null,null,null,null,null,null
2020-10-08,null,null,null,null,null,null
2020-10-09,0.000912,0.000920,0.000694,0.000731,0.000731,147827
2020-10-10,null,null,null,null,null,null
2020-10-11,null,null,null,null,null,null
2020-10-12,0.000630,0.000732,0.000540,0.000646,0.000646,146418
2020-10-13,0.000646,0.000652,0.000552,0.000570,0.000570,121941
2020-10-14,null,null,null,null,null,null
2020-10-15,null,null,null,null,null,null
2020-10-16,null,null,null,null,null,null
2020-10-17,null,null,null,null,null,null
2020-10-18,null,null,null,null,null,null
2020-10-19,null,null,null,null,null,null
2020-10-20,null,null,null,null,null,null
2020-10-21,null,null,null,null,null,null
2020-10-22,null,null,null,null,null,null
2020-10-23,null,null,null,null,null,null
2020-10-24,null,null,null,null,null,null
2020-10-25,null,null,null,null,null,null
2020-10-26,null,null,null,null,null,null
2020-10-27,null,null,null,null,null,null
2020-10-28,0.000317,0.000317,0.000193,0.000258,0.000258,57000
2020-10-29,0.000258,0.000305,0.000245,0.000275,0.000275,12131
2020-10-30,0.000275,0.000319,0.000268,0.000300,0.000300,10239
2020-10-31,0.000300,0.000318,0.000225,0.000276,0.000276,12503
2020-11-01,0.000276,0.000327,0.000265,0.000281,0.000281,8673
2020-11-02,0.000281,0.000319,0.000269,0.000301,0.000301,9729
2020-11-03,0.000301,0.000325,0.000292,0.000308,0.000308,10585
2020-11-04,0.000308,0.000411,0.000308,0.000380,0.000380,20756
2020-11-05,0.000380,0.000435,0.000373,0.000408,0.000408,10678
2020-11-06,0.000408,0.000655,0.000397,0.000445,0.000445,15482
2020-11-07,0.000445,0.000463,0.000371,0.000401,0.000401,21241
2020-11-08,0.000401,0.000417,0.000355,0.000375,0.000375,16967
2020-11-09,0.000375,0.000404,0.000365,0.000392,0.000392,8255
2020-11-10,0.000392,0.000394,0.000345,0.000361,0.000361,7832
2020-11-11,0.000361,0.000375,0.000338,0.000354,0.000354,7547
2020-11-12,0.000354,0.000380,0.000333,0.000346,0.000346,11187
2020-11-13,0.000345,0.000395,0.000336,0.000380,0.000380,12965
2020-11-14,0.000380,0.000384,0.000261,0.000370,0.000370,12053
2020-11-15,0.000370,0.000388,0.000315,0.000325,0.000325,21907
2020-11-16,0.000325,0.000395,0.000319,0.000343,0.000343,19437
2020-11-17,0.000319,0.000356,0.000281,0.000326,0.000326,47415
2020-11-18,0.000326,0.000343,0.000291,0.000318,0.000318,11948
2020-11-19,0.000318,0.000338,0.000287,0.000335,0.000335,8223
2020-11-20,0.000335,0.000338,0.000282,0.000282,0.000282,10132
2020-11-21,0.000282,0.000291,0.000222,0.000229,0.000229,14128
2020-11-22,0.000229,0.000234,0.000201,0.000205,0.000205,9683
2020-11-23,0.000205,0.000270,0.000205,0.000244,0.000244,15611
2020-11-24,0.000244,0.000283,0.000236,0.000278,0.000278,12386
2020-11-25,0.000278,0.000279,0.000246,0.000259,0.000259,14320
2020-11-26,0.000259,0.000277,0.000216,0.000241,0.000241,8991
2020-11-27,0.000241,0.000269,0.000222,0.000261,0.000261,8598
2020-11-28,0.000261,0.000305,0.000251,0.000259,0.000259,17263
2020-11-29,0.000259,0.000275,0.000234,0.000242,0.000242,21430
2020-11-30,0.000242,0.000320,0.000240,0.000290,0.000290,14716
2020-12-01,0.000290,0.000314,0.000263,0.000304,0.000304,12843
2020-12-02,0.000304,0.000325,0.000287,0.000305,0.000305,13324
2020-12-03,0.000305,0.000322,0.000278,0.000301,0.000301,15771
2020-12-04,0.000301,0.000317,0.000283,0.000294,0.000294,7856
2020-12-05,0.000294,0.000294,0.000251,0.000258,0.000258,16316
2020-12-06,0.000258,0.000291,0.000250,0.000279,0.000279,8165
2020-12-07,0.000279,0.000321,0.000267,0.000282,0.000282,15283
2020-12-08,0.000282,0.000293,0.000272,0.000279,0.000279,13965
2020-12-09,0.000279,0.000294,0.000258,0.000283,0.000283,11377
2020-12-10,0.000283,0.000305,0.000265,0.000279,0.000279,9312
2020-12-11,0.000279,0.000285,0.000248,0.000271,0.000271,8393
2020-12-12,0.000271,0.000290,0.000248,0.000258,0.000258,8090
2020-12-13,0.000258,0.000287,0.000247,0.000263,0.000263,10586
2020-12-14,0.000263,0.000279,0.000257,0.000279,0.000279,9006
2020-12-15,0.000279,0.000293,0.000254,0.000268,0.000268,5718
2020-12-16,0.000268,0.000298,0.000243,0.000264,0.000264,8006
2020-12-17,0.000264,0.000283,0.000246,0.000257,0.000257,7485
2020-12-18,0.000257,0.000271,0.000253,0.000271,0.000271,5012
2020-12-19,0.000271,0.000285,0.000261,0.000267,0.000267,1952
2020-12-20,0.000267,0.000304,0.000254,0.000265,0.000265,14181
2020-12-21,0.000265,0.000340,0.000257,0.000312,0.000312,9094
2020-12-22,0.000312,0.000317,0.000263,0.000269,0.000269,5576
2020-12-23,0.000269,0.000294,0.000241,0.000246,0.000246,8680
2020-12-24,0.000246,0.000259,0.000221,0.000258,0.000258,7333
2020-12-25,0.000257,0.000279,0.000244,0.000275,0.000275,3192
2020-12-26,0.000275,0.000306,0.000247,0.000303,0.000303,8313
2020-12-27,0.000303,0.000313,0.000234,0.000238,0.000238,11896
2020-12-28,0.000238,0.000260,0.000151,0.000218,0.000218,22039
2020-12-29,0.000218,0.000571,0.000215,0.000398,0.000398,4533
2020-12-30,0.000398,0.001533,0.000398,0.001505,0.001505,319907
2020-12-31,0.001505,0.001825,0.001086,0.001442,0.001442,314748
2021-01-01,0.001442,0.001442,0.001027,0.001028,0.001028,199710
2021-01-02,0.001028,0.001180,0.000939,0.001129,0.001129,113506
2021-01-03,0.001129,0.001252,0.000955,0.001100,0.001100,58531
2021-01-04,0.001100,0.001401,0.001059,0.001400,0.001400,40618
2021-01-05,0.001400,0.001622,0.001201,0.001457,0.001457,85447
2021-01-06,0.001457,0.001505,0.001258,0.001314,0.001314,39942
2021-01-07,0.001314,0.001406,0.001192,0.001239,0.001239,28430
2021-01-08,0.001239,0.001361,0.001043,0.001312,0.001312,30517
2021-01-09,0.001312,0.001483,0.001271,0.001481,0.001481,43136
2021-01-10,0.001482,0.001482,0.001163,0.001311,0.001311,54911
2021-01-11,0.001311,0.001314,0.000953,0.001060,0.001060,16760
2021-01-12,0.001060,0.001147,0.001019,0.001093,0.001093,25937
2021-01-13,0.001093,0.001164,0.001022,0.001121,0.001121,22786
2021-01-14,0.001121,0.001261,0.001096,0.001169,0.001169,22026
2021-01-15,0.001169,0.001246,0.001064,0.001203,0.001203,36004
2021-01-16,0.001203,0.001227,0.001133,0.001192,0.001192,13331
2021-01-17,0.001192,0.001192,0.000954,0.001163,0.001163,20354
2021-01-18,0.001163,0.001177,0.001069,0.001132,0.001132,18172
2021-01-19,0.001132,0.001174,0.001071,0.001135,0.001135,23425
2021-01-20,0.001135,0.001191,0.001055,0.001160,0.001160,28312
2021-01-21,0.001160,0.001404,0.001135,0.001195,0.001195,98038
2021-01-22,0.001195,0.001395,0.001136,0.001248,0.001248,38015
2021-01-23,0.001248,0.001273,0.001118,0.001179,0.001179,58989
2021-01-24,0.001179,0.001456,0.001164,0.001416,0.001416,54212
2021-01-25,0.001416,0.001506,0.001226,0.001369,0.001369,19862
2021-01-26,0.001369,0.001655,0.001272,0.001555,0.001555,67086
2021-01-27,0.001555,0.001628,0.001357,0.001366,0.001366,26983
2021-01-28,0.001365,0.001691,0.001312,0.001622,0.001622,66386
2021-01-29,0.001687,0.003670,0.001508,0.003585,0.003585,657307
2021-01-30,0.003585,0.003746,0.002672,0.003152,0.003152,426631
2021-01-31,0.003152,0.003289,0.002871,0.003073,0.003073,180038
2021-02-01,0.003073,0.003100,0.002676,0.002996,0.002996,153950
2021-02-02,0.002996,0.004319,0.002938,0.004313,0.004313,268750
2021-02-03,0.004313,0.006983,0.003684,0.006888,0.006888,541249
2021-02-04,0.006889,0.008054,0.006203,0.006435,0.006435,1833318
2021-02-05,0.006435,0.007367,0.006257,0.007176,0.007176,516515
2021-02-06,0.007176,0.009260,0.006961,0.009079,0.009079,657460
2021-02-07,0.009079,0.013509,0.008707,0.011662,0.011662,2396627
2021-02-08,0.011662,0.025319,0.009742,0.017486,0.017486,5407150
2021-02-09,0.017489,0.020675,0.012666,0.015957,0.015957,4872890
2021-02-10,0.015958,0.017705,0.013832,0.014954,0.014954,1793903
2021-02-11,0.014954,0.016395,0.012637,0.013575,0.013575,1328139
2021-02-12,0.013577,0.014064,0.011165,0.013084,0.013084,1381555
2021-02-13,0.013083,0.014321,0.012408,0.013859,0.013859,670944
2021-02-14,0.013859,0.016499,0.013776,0.014197,0.014197,957840
2021-02-15,0.014197,0.014211,0.011825,0.013671,0.013671,443018
2021-02-16,0.013671,0.015954,0.013107,0.015820,0.015820,889963
2021-02-17,0.015820,0.017825,0.014890,0.016428,0.016428,1126843
2021-02-18,0.016428,0.018892,0.015453,0.018132,0.018132,979699
2021-02-19,0.018132,0.019832,0.017274,0.017604,0.017604,978240
2021-02-20,0.017603,0.019044,0.017316,0.017754,0.017754,486358
2021-02-21,0.017754,0.018058,0.016363,0.016994,0.016994,425301
2021-02-22,0.016993,0.017372,0.014715,0.016110,0.016110,353795
2021-02-23,0.016114,0.016385,0.011882,0.015717,0.015717,478971
2021-02-24,0.015726,0.028062,0.015027,0.022178,0.022178,2480607
2021-02-25,0.022179,0.028446,0.019816,0.024277,0.024277,2888255
2021-02-26,0.024277,0.029313,0.022617,0.026980,0.026980,1457316
2021-02-27,0.026981,0.032466,0.026650,0.032419,0.032419,1275888
2021-02-28,0.032417,0.032846,0.026402,0.029100,0.029100,1278460
2021-03-01,0.029103,0.030508,0.026032,0.027782,0.027782,1086843
2021-03-02,0.027782,0.028188,0.024081,0.026030,0.026030,693152
2021-03-03,0.026030,0.030575,0.025666,0.030573,0.030573,825624
2021-03-04,0.030572,0.032348,0.028947,0.029930,0.029930,831121
2021-03-05,0.029931,0.033896,0.028855,0.031928,0.031928,640313
2021-03-06,0.031928,0.034716,0.030966,0.032274,0.032274,897652
2021-03-07,0.032274,0.033071,0.028777,0.031165,0.031165,572064
2021-03-08,0.031164,0.032741,0.029101,0.030352,0.030352,574799
2021-03-09,0.030353,0.031386,0.028733,0.030776,0.030776,677023
2021-03-10,0.030777,0.033261,0.028237,0.033245,0.033245,843105
2021-03-11,0.033245,0.033245,0.029784,0.031324,0.031324,756886
2021-03-12,0.031325,0.031579,0.029075,0.030246,0.030246,889657
2021-03-13,0.030246,0.030987,0.028854,0.030499,0.030499,686077
2021-03-14,0.030498,0.030946,0.028870,0.029263,0.029263,879552
2021-03-15,0.029260,0.029597,0.025780,0.028812,0.028812,776176
2021-03-16,0.028812,0.030621,0.025893,0.027204,0.027204,955423
2021-03-17,0.027207,0.028058,0.025343,0.025899,0.025899,1013825
2021-03-18,0.025902,0.026695,0.024629,0.025733,0.025733,752295
2021-03-19,0.025734,0.027155,0.024581,0.025556,0.025556,581320
2021-03-20,0.025567,0.028719,0.024329,0.025981,0.025981,752044
2021-03-21,0.025962,0.027055,0.024074,0.024534,0.024534,411599
2021-03-22,0.024573,0.026718,0.021349,0.022821,0.022821,438077
2021-03-23,0.022819,0.024777,0.021886,0.023940,0.023940,395683
2021-03-24,0.023931,0.026054,0.022695,0.022701,0.022701,872704
2021-03-25,0.022688,0.025368,0.021662,0.023796,0.023796,422808
2021-03-26,0.023791,0.027213,0.023743,0.026750,0.026750,773329
2021-03-27,0.026734,0.030526,0.026734,0.028037,0.028037,900510
2021-03-28,0.028037,0.028977,0.026029,0.028787,0.028787,823486
2021-03-29,0.028791,0.029001,0.025901,0.027904,0.027904,854325
2021-03-30,0.027905,0.027980,0.024886,0.026380,0.026380,734703
2021-03-31,0.026376,0.026408,0.024083,0.025990,0.025990,452991
2021-04-01,0.025946,0.026388,0.022483,0.023727,0.023727,625380
2021-04-02,0.023685,0.025702,0.022881,0.025691,0.025691,611719
2021-04-03,0.025705,0.026103,0.023571,0.024953,0.024953,615991
2021-04-04,0.024911,0.025886,0.023675,0.024455,0.024455,368952
2021-04-05,0.024443,0.024670,0.022114,0.022867,0.022867,495311
2021-04-06,0.022886,0.028332,0.022222,0.025689,0.025689,1604575
2021-04-07,0.025684,0.026491,0.023694,0.025285,0.025285,843658
2021-04-08,0.025233,0.026719,0.024217,0.025112,0.025112,883808
2021-04-09,0.025110,0.029245,0.024393,0.027305,0.027305,725652
2021-04-10,0.027315,0.028201,0.026122,0.026830,0.026830,592289
2021-04-11,0.026831,0.027840,0.025640,0.026580,0.026580,490400
2021-04-12,0.026584,0.027963,0.025167,0.025647,0.025647,308112
2021-04-13,0.025469,0.026494,0.023758,0.025387,0.025387,517081
2021-04-14,0.025414,0.027129,0.025414,0.026357,0.026357,624354
2021-04-15,0.026357,0.027649,0.025543,0.025823,0.025823,536823
2021-04-16,0.025817,0.026845,0.023637,0.024736,0.024736,679114
2021-04-17,0.024715,0.026999,0.024201,0.025904,0.025904,380976
2021-04-18,0.025899,0.026646,0.021206,0.024483,0.024483,768501
2021-04-19,0.024490,0.025704,0.022717,0.024533,0.024533,280805
2021-04-20,0.024555,0.027957,0.022678,0.026553,0.026553,1113451
2021-04-21,0.026559,0.027322,0.024175,0.024428,0.024428,515302
2021-04-22,0.024442,0.025850,0.022457,0.022892,0.022892,306516
2021-04-23,0.022886,0.023880,0.018727,0.023139,0.023139,461517
2021-04-24,0.023144,0.023144,0.020512,0.020629,0.020629,312083
2021-04-25,0.020630,0.022969,0.019847,0.021385,0.021385,365613
2021-04-26,0.021391,0.023456,0.021222,0.022308,0.022308,449485
2021-04-27,0.022307,0.023926,0.020976,0.021175,0.021175,719264
2021-04-28,0.021175,0.022117,0.018175,0.019978,0.019978,1055815
2021-04-29,0.019980,0.020623,0.018417,0.018967,0.018967,400644
2021-04-30,0.018963,0.021789,0.016520,0.020769,0.020769,1573962
2021-05-01,0.020770,0.021926,0.018145,0.020844,0.020844,1035134
2021-05-02,0.020841,0.021962,0.018290,0.019786,0.019786,778253
2021-05-03,0.020037,0.021687,0.019037,0.019531,0.019531,453568
2021-05-04,0.019533,0.020258,0.016325,0.020009,0.020009,780472
2021-05-05,0.020009,0.020702,0.018176,0.019407,0.019407,431342
2021-05-06,0.019411,0.019906,0.018017,0.018675,0.018675,536329
2021-05-07,0.018679,0.019772,0.017687,0.018344,0.018344,346204
2021-05-08,0.018348,0.019844,0.017704,0.018256,0.018256,507531
2021-05-09,0.018268,0.019036,0.016826,0.017409,0.017409,401921
2021-05-10,0.017425,0.018247,0.015317,0.015538,0.015538,358559
2021-05-11,0.015555,0.018863,0.014672,0.015113,0.015113,639843
2021-05-12,0.015115,0.016270,0.013317,0.013317,0.013317,410920
2021-05-13,0.013243,0.014429,0.012655,0.013659,0.013659,363274
2021-05-14,0.013678,0.014924,0.012305,0.013925,0.013925,741153
2021-05-15,0.013918,0.014985,0.013183,0.014013,0.014013,267925
2021-05-16,0.014010,0.016710,0.013653,0.016258,0.016258,423506
2021-05-17,0.016268,0.020250,0.014627,0.015507,0.015507,1167060
2021-05-18,0.015527,0.017840,0.015134,0.017207,0.017207,375726
2021-05-19,0.017201,0.017818,0.010275,0.013459,0.013459,405637
2021-05-20,0.013449,0.015061,0.010857,0.012566,0.012566,278821
2021-05-21,0.012566,0.014283,0.011025,0.012407,0.012407,282776
2021-05-22,0.012413,0.012955,0.010556,0.011641,0.011641,341646
2021-05-23,0.011644,0.012577,0.008296,0.010038,0.010038,278435
2021-05-24,0.010032,0.013133,0.009922,0.012297,0.012297,231220
2021-05-25,0.012308,0.013413,0.011145,0.011957,0.011957,196950
2021-05-26,0.011969,0.013339,0.011344,0.013111,0.013111,294215
2021-05-27,0.013110,0.013174,0.011413,0.011610,0.011610,181055
2021-05-28,0.011614,0.012446,0.010603,0.011009,0.011009,144078
2021-05-29,0.011012,0.011526,0.009875,0.010482,0.010482,70982
2021-05-30,0.010507,0.011301,0.009950,0.010859,0.010859,73400
2021-05-31,0.010857,0.012880,0.010509,0.012430,0.012430,235507
2021-06-01,0.012442,0.013857,0.011901,0.012670,0.012670,414113
2021-06-02,0.012674,0.013544,0.011932,0.012139,0.012139,139349
2021-06-03,0.012136,0.013190,0.011808,0.012579,0.012579,170607
2021-06-04,0.012582,0.012882,0.010442,0.011453,0.011453,210114
2021-06-05,0.011446,0.013426,0.011043,0.012498,0.012498,325792
2021-06-06,0.012483,0.016240,0.012315,0.014414,0.014414,753169
2021-06-07,0.014421,0.015652,0.011885,0.012184,0.012184,787597
2021-06-08,0.012177,0.012195,0.010562,0.010984,0.010984,975335
2021-06-09,0.010983,0.011191,0.009590,0.011145,0.011145,549480
2021-06-10,0.011148,0.011982,0.010492,0.010973,0.010973,527345
2021-06-11,0.010973,0.011290,0.009805,0.010105,0.010105,523318
2021-06-12,0.010108,0.010639,0.009204,0.009974,0.009974,593532
2021-06-13,0.009975,0.010617,0.009043,0.010092,0.010092,576601
2021-06-14,0.010093,0.010814,0.009724,0.010017,0.010017,639551
2021-06-15,0.010050,0.010596,0.009644,0.010053,0.010053,520133
2021-06-16,0.010080,0.010260,0.009565,0.009607,0.009607,302553
2021-06-17,0.009608,0.009756,0.008914,0.009110,0.009110,411784
2021-06-18,0.009111,0.009977,0.008837,0.009595,0.009595,402415
2021-06-19,0.009597,0.010158,0.009217,0.009896,0.009896,384510
2021-06-20,0.009897,0.009897,0.008691,0.008958,0.008958,270922
2021-06-21,0.008956,0.009175,0.006800,0.007004,0.007004,427146
2021-06-22,0.007006,0.007454,0.005926,0.006339,0.006339,472125
2021-06-23,0.006341,0.006892,0.006280,0.006594,0.006594,458048
2021-06-24,0.006585,0.006701,0.005884,0.006535,0.006535,481755
2021-06-25,0.006540,0.007060,0.006353,0.006734,0.006734,331391
2021-06-26,0.006732,0.007154,0.006626,0.006920,0.006920,262580
2021-06-27,0.006926,0.008110,0.006893,0.007343,0.007343,263330
2021-06-28,0.007343,0.008729,0.007279,0.008411,0.008411,623410
2021-06-29,0.008410,0.008652,0.007887,0.008542,0.008542,366180
2021-06-30,0.008537,0.008824,0.008076,0.008710,0.008710,458232
2021-07-01,0.008712,0.008828,0.008371,0.008573,0.008573,383377
2021-07-02,0.008575,0.008733,0.008051,0.008215,0.008215,328631
2021-07-03,0.008216,0.009232,0.008205,0.009190,0.009190,338434
2021-07-04,0.009190,0.009246,0.008500,0.009088,0.009088,758512
2021-07-05,0.009088,0.009095,0.008167,0.008442,0.008442,661597
2021-07-06,0.008440,0.008504,0.008037,0.008174,0.008174,618801
2021-07-07,0.008174,0.008542,0.007872,0.008068,0.008068,790473
2021-07-08,0.008069,0.008196,0.007381,0.007503,0.007503,627318
2021-07-09,0.007502,0.007951,0.007148,0.007632,0.007632,648382
2021-07-10,0.007631,0.008084,0.007321,0.007998,0.007998,777718
2021-07-11,0.007999,0.008615,0.007626,0.008413,0.008413,707007
2021-07-12,0.008413,0.008857,0.007884,0.008053,0.008053,639321
2021-07-13,0.008053,0.013430,0.007996,0.012814,0.012814,1522052
2021-07-14,0.012815,0.016589,0.010820,0.014917,0.014917,972840
2021-07-15,0.014921,0.016844,0.012461,0.014852,0.014852,918900
2021-07-16,0.014857,0.015362,0.012073,0.012081,0.012081,532827
2021-07-17,0.012079,0.012904,0.011153,0.012176,0.012176,392768
2021-07-18,0.012176,0.014452,0.012176,0.013442,0.013442,593672
2021-07-19,0.013442,0.013577,0.011025,0.011886,0.011886,519642
2021-07-20,0.011886,0.012193,0.009273,0.010452,0.010452,462168
2021-07-21,0.011176,0.012144,0.010476,0.011797,0.011797,430777
2021-07-22,0.011798,0.012329,0.010023,0.010032,0.010032,364763
2021-07-23,0.010032,0.011251,0.009832,0.010489,0.010489,529039
2021-07-24,0.010490,0.021485,0.010433,0.016527,0.016527,2371952
2021-07-25,0.016534,0.020053,0.015537,0.018810,0.018810,993335
2021-07-26,0.018811,0.023050,0.018376,0.018627,0.018627,1392938
2021-07-27,0.018624,0.026188,0.018408,0.025331,0.025331,1689597
2021-07-28,0.025343,0.033235,0.024596,0.028273,0.028273,1529082
2021-07-29,0.028302,0.029495,0.023989,0.024827,0.024827,5013852
2021-07-30,0.024816,0.026668,0.020885,0.021797,0.021797,4363872
2021-07-31,0.021802,0.027068,0.021795,0.025415,0.025415,6133436
2021-08-01,0.025405,0.025595,0.021855,0.022813,0.022813,4143297
2021-08-02,0.022813,0.023296,0.019587,0.019754,0.019754,2015762
2021-08-03,0.019757,0.019989,0.017690,0.018025,0.018025,1354718
2021-08-04,0.018025,0.021398,0.017853,0.020375,0.020375,1740932
2021-08-05,0.020378,0.020961,0.019235,0.019784,0.019784,1208129
2021-08-06,0.019783,0.019906,0.017069,0.017615,0.017615,1674371
2021-08-07,0.017613,0.018431,0.016664,0.017403,0.017403,1302947
2021-08-08,0.017392,0.019040,0.017078,0.018317,0.018317,880084
2021-08-09,0.018321,0.019538,0.017557,0.018070,0.018070,1342544
2021-08-10,0.018073,0.023098,0.018066,0.021108,0.021108,3471721
2021-08-11,0.021110,0.027527,0.020136,0.024504,0.024504,5546072
2021-08-12,0.024497,0.026000,0.020778,0.021369,0.021369,6289317
2021-08-13,0.021372,0.023590,0.020279,0.020695,0.020695,6357051
2021-08-14,0.020678,0.020926,0.018769,0.019113,0.019113,3373151
2021-08-15,0.019111,0.019604,0.018035,0.018454,0.018454,2353171
2021-08-16,0.018464,0.018762,0.017737,0.018547,0.018547,2367428
2021-08-17,0.018549,0.021888,0.018437,0.020301,0.020301,3940764
2021-08-18,0.020267,0.020332,0.019059,0.019959,0.019959,3999046
2021-08-19,0.019951,0.021174,0.019213,0.020809,0.020809,4078397
2021-08-20,0.020818,0.022055,0.020091,0.021196,0.021196,5006980
2021-08-21,0.021196,0.021378,0.020159,0.020486,0.020486,4104247
2021-08-22,0.020485,0.026514,0.020456,0.025692,0.025692,10922047
2021-08-23,0.025678,0.031633,0.025644,0.027160,0.027160,17953651
2021-08-24,0.027158,0.029929,0.024491,0.027513,0.027513,11754383
2021-08-25,0.027510,0.029301,0.026462,0.029070,0.029070,8268148
2021-08-26,0.029068,0.038324,0.028916,0.032547,0.032547,18754092
2021-08-27,0.032558,0.032710,0.029388,0.031270,0.031270,12766097
2021-08-28,0.031302,0.031862,0.029944,0.029944,0.029944,5627336
2021-08-29,0.029903,0.029907,0.028441,0.029288,0.029288,5039474
2021-08-30,0.029281,0.029287,0.026697,0.026697,0.026697,5602108
2021-08-31,0.026676,0.026970,0.024713,0.025026,0.025026,6289098
2021-09-01,0.025019,0.026763,0.024979,0.026274,0.026274,4342785
2021-09-02,0.026262,0.026627,0.025547,0.025594,0.025594,5607729
2021-09-03,0.025590,0.025776,0.023973,0.023973,0.023973,7016724
2021-09-04,0.023973,0.024852,0.023553,0.023751,0.023751,4848544
2021-09-05,0.023738,0.024323,0.023267,0.024022,0.024022,4171230
2021-09-06,0.024020,0.024553,0.023735,0.023933,0.023933,4385656
2021-09-07,0.023934,0.025210,0.022154,0.023043,0.023043,8138022
2021-09-08,0.023039,0.023288,0.020696,0.021118,0.021118,5306196
2021-09-09,0.021267,0.022708,0.021124,0.022047,0.022047,4944844
2021-09-10,0.022029,0.022486,0.020957,0.021004,0.021004,3996914
2021-09-11,0.021006,0.021569,0.020754,0.021191,0.021191,2993355
2021-09-12,0.021191,0.021424,0.020696,0.021028,0.021028,3770782
2021-09-13,0.021029,0.076330,0.020903,0.047267,0.047267,691890302
2021-09-14,0.047231,0.053550,0.044125,0.044125,0.044125,163244616
2021-09-15,0.043982,0.056585,0.043070,0.051990,0.051990,128852257
2021-09-16,0.051449,0.144878,0.051353,0.101285,0.101285,2523045806
2021-09-17,0.099868,0.124289,0.085863,0.117481,0.117481,585950351
2021-09-18,0.116555,0.136870,0.102866,0.115872,0.115872,526336586
2021-09-19,0.115912,0.128698,0.108075,0.109952,0.109952,243110389
2021-09-20,0.110093,0.111189,0.086925,0.089334,0.089334,222531577
2021-09-21,0.089931,0.113196,0.084326,0.099248,0.099248,629770914
2021-09-22,0.099078,0.110937,0.098105,0.107637,0.107637,391071450
2021-09-23,0.107833,0.122112,0.106251,0.112912,0.112912,376988340
2021-09-24,0.112669,0.114965,0.092189,0.097241,0.097241,309770990
2021-09-25,0.097279,0.101451,0.090665,0.092640,0.092640,164296497
2021-09-26,0.092552,0.097403,0.081312,0.087907,0.087907,207335036
2021-09-27,0.088043,0.095557,0.084314,0.084325,0.084325,163466350
2021-09-28,0.084314,0.087576,0.076037,0.076439,0.076439,113400991
2021-09-29,0.076750,0.089411,0.076456,0.083714,0.083714,165816986
2021-09-30,0.083702,0.100996,0.082090,0.100016,0.100016,311488154
2021-10-01,0.100014,0.106574,0.094902,0.101100,0.101100,326991893
2021-10-02,0.100300,0.109247,0.100215,0.101722,0.101722,247433241
2021-10-03,0.101421,0.123004,0.097143,0.114300,0.114300,474300778
2021-10-04,0.113963,0.119442,0.106708,0.113613,0.113613,322696218
2021-10-05,0.112412,0.113743,0.101925,0.104771,0.104771,170965027
2021-10-06,0.104817,0.106517,0.094088,0.099361,0.099361,181932356
2021-10-07,0.099093,0.102543,0.094262,0.096334,0.096334,135356701
2021-10-08,0.096366,0.104984,0.096319,0.099554,0.099554,139976547
2021-10-09,0.099492,0.106980,0.097747,0.099095,0.099095,124301036
2021-10-10,0.099272,0.099814,0.090148,0.090586,0.090586,95910349
2021-10-11,0.090673,0.094357,0.085690,0.088876,0.088876,102761381
2021-10-12,0.088913,0.088913,0.079675,0.086032,0.086032,148450791
2021-10-13,0.085932,0.090932,0.081618,0.084661,0.084661,138690012
2021-10-14,0.084658,0.097612,0.084658,0.091444,0.091444,207295773
2021-10-15,0.091652,0.091652,0.083258,0.088825,0.088825,163626275
2021-10-16,0.088776,0.092336,0.085658,0.086526,0.086526,93928150
2021-10-17,0.086445,0.089317,0.081359,0.083784,0.083784,78860972
2021-10-18,0.083763,0.085230,0.081622,0.083433,0.083433,55957818
2021-10-19,0.083391,0.084888,0.082529,0.083247,0.083247,45333096
2021-10-20,0.083248,0.087893,0.082514,0.086596,0.086596,92276457
2021-10-21,0.086607,0.088966,0.082014,0.083381,0.083381,80091610
2021-10-22,0.083332,0.085721,0.082538,0.083758,0.083758,55642298
2021-10-23,0.083740,0.085530,0.083083,0.084373,0.084373,44570687
2021-10-24,0.084370,0.086228,0.079835,0.081644,0.081644,57107669
2021-10-25,0.081639,0.085830,0.081207,0.084664,0.084664,52848916
2021-10-26,0.084588,0.091406,0.083342,0.090071,0.090071,103447489
2021-10-27,0.090319,0.097271,0.070159,0.074905,0.074905,222724524
2021-10-28,0.074882,0.082817,0.074322,0.081133,0.081133,132012963
2021-10-29,0.080969,0.098640,0.080572,0.092103,0.092103,256648446
2021-10-30,0.092384,0.114617,0.091509,0.103868,0.103868,416493489
2021-10-31,0.104891,0.117794,0.090463,0.095442,0.095442,210916270
2021-11-01,0.095457,0.096327,0.088142,0.091045,0.091045,121700670
2021-11-02,0.091057,0.101472,0.089327,0.097958,0.097958,211269568
2021-11-03,0.097929,0.103093,0.091035,0.095229,0.095229,136393327
2021-11-04,0.095245,0.097472,0.090200,0.092056,0.092056,88540275
2021-11-05,0.091990,0.095157,0.090673,0.091530,0.091530,73193870
2021-11-06,0.091453,0.093344,0.085174,0.090558,0.090558,70564022
2021-11-07,0.090671,0.092758,0.089823,0.090657,0.090657,48494090
2021-11-08,0.090630,0.092933,0.089084,0.092796,0.092796,56960876
2021-11-09,0.092968,0.093745,0.087679,0.088981,0.088981,62617534
2021-11-10,0.089225,0.091966,0.074517,0.082066,0.082066,100115989
2021-11-11,0.082119,0.088396,0.081215,0.086248,0.086248,66363490
2021-11-12,0.086082,0.090784,0.081389,0.084094,0.084094,76862958
2021-11-13,0.084193,0.103694,0.084097,0.094084,0.094084,231253438
2021-11-14,0.094157,0.097397,0.089967,0.093366,0.093366,113419927
2021-11-15,0.093387,0.126784,0.093281,0.126784,0.126784,511112317
2021-11-16,0.125702,0.142550,0.112677,0.115052,0.115052,1056312562
2021-11-17,0.114998,0.277841,0.113024,0.230512,0.230512,3561997374
2021-11-18,0.229850,0.285226,0.204319,0.232243,0.232243,2583711566
2021-11-19,0.229801,0.257875,0.218385,0.234462,0.234462,1376405182
2021-11-20,0.234407,0.390644,0.231068,0.352904,0.352904,3436270955
2021-11-21,0.353993,0.485216,0.347337,0.370396,0.370396,3063216364
2021-11-22,0.370933,0.436152,0.359436,0.391137,0.391137,1825406303
2021-11-23,0.392388,0.407841,0.360608,0.376941,0.376941,1010686560
2021-11-24,0.377142,0.590034,0.375219,0.428689,0.428689,1321950226
2021-11-25,0.582211,0.776461,0.525652,0.673317,0.673317,4535487735
2021-11-26,0.743249,0.836685,0.623661,0.708809,0.708809,4704688932
2021-11-27,0.711130,0.723009,0.632057,0.664381,0.664381,2061314129
2021-11-28,0.662665,0.718945,0.572719,0.712089,0.712089,2427013049
2021-11-29,0.711610,0.748446,0.645927,0.651492,0.651492,1542492764
2021-11-30,0.650887,0.669129,0.614418,0.620749,0.620749,1085997511
2021-12-01,0.620276,0.661928,0.616257,0.645568,0.645568,1090826748
2021-12-02,0.646460,0.677739,0.575393,0.593750,0.593750,937618362
2021-12-03,0.593654,0.597369,0.480406,0.506396,0.506396,949152999
2021-12-04,0.507428,0.579272,0.373022,0.557686,0.557686,2223966228
2021-12-05,0.557409,0.582957,0.457434,0.487629,0.487629,1411764533
2021-12-06,0.487144,0.532588,0.427129,0.510365,0.510365,1196617259
2021-12-07,0.510560,0.515817,0.466826,0.478456,0.478456,836963868
2021-12-08,0.477747,0.505431,0.446017,0.502626,0.502626,611027451
2021-12-09,0.501606,0.556146,0.484694,0.495217,0.495217,1483104358
2021-12-10,0.496060,0.514624,0.470295,0.481247,0.481247,775672965
2021-12-11,0.481601,0.568718,0.463222,0.562576,0.562576,1330301230
2021-12-12,0.568006,0.625173,0.564513,0.591258,0.591258,1607574529
2021-12-13,0.592689,0.596937,0.493645,0.506048,0.506048,1038282645
2021-12-14,0.505431,0.512250,0.470842,0.501800,0.501800,832342171
2021-12-15,0.504334,0.509865,0.459936,0.500755,0.500755,812513637
2021-12-16,0.500925,0.517787,0.465394,0.467623,0.467623,534757939
2021-12-17,0.467238,0.481135,0.437615,0.452415,0.452415,616466856
2021-12-18,0.453246,0.474414,0.438564,0.465630,0.465630,524108706
2021-12-19,0.464914,0.478573,0.441845,0.443757,0.443757,395736329
2021-12-20,0.444167,0.448924,0.409244,0.429337,0.429337,484767331
2021-12-21,0.430034,0.449082,0.425467,0.441276,0.441276,372193522
2021-12-22,0.441642,0.453893,0.431761,0.438024,0.438024,381293082
2021-12-23,0.437813,0.528027,0.429405,0.513183,0.513183,994814976
2021-12-24,0.512802,0.521786,0.466304,0.472095,0.472095,669132794
2021-12-25,0.472541,0.510333,0.469161,0.497559,0.497559,537898276
2021-12-26,0.497770,0.527844,0.482085,0.511446,0.511446,599555183
2021-12-27,0.511079,0.552785,0.508596,0.537678,0.537678,763832407
2021-12-28,0.536441,0.536441,0.460674,0.467485,0.467485,787114556
2021-12-29,0.466807,0.486992,0.443115,0.449511,0.449511,543767323
2021-12-30,0.449951,0.479930,0.441425,0.462480,0.462480,585839002
2021-12-31,0.462831,0.475008,0.444892,0.451456,0.451456,423091993
2022-01-01,0.451453,0.464407,0.450975,0.462435,0.462435,297618087
2022-01-02,0.461959,0.463241,0.452251,0.456982,0.456982,311869308
2022-01-03,0.456936,0.457918,0.433364,0.440966,0.440966,351663283
2022-01-04,0.440930,0.443451,0.424789,0.426218,0.426218,432488611
2022-01-05,0.426253,0.439788,0.349597,0.378937,0.378937,656831460
2022-01-06,0.378719,0.397904,0.357289,0.384696,0.384696,730328732
2022-01-07,0.384595,0.384595,0.339140,0.342779,0.342779,678485377
2022-01-08,0.342887,0.353813,0.307255,0.315207,0.315207,458266330
2022-01-09,0.315230,0.344824,0.312858,0.328057,0.328057,409921593
2022-01-10,0.328062,0.332292,0.293072,0.306594,0.306594,468035566
2022-01-11,0.306606,0.325008,0.303297,0.320523,0.320523,358504308
2022-01-12,0.320561,0.364845,0.320561,0.358586,0.358586,725641080
2022-01-13,0.358655,0.363616,0.325815,0.325850,0.325850,753507643
2022-01-14,0.326005,0.334672,0.318942,0.324368,0.324368,546509476
2022-01-15,0.324453,0.348771,0.322735,0.336715,0.336715,505920976
2022-01-16,0.336582,0.340129,0.324221,0.328187,0.328187,395663246
2022-01-17,0.328385,0.329351,0.300794,0.304445,0.304445,380858543
2022-01-18,0.304447,0.313253,0.291247,0.300070,0.300070,524249445
2022-01-19,0.300055,0.301351,0.275114,0.278318,0.278318,374283474
2022-01-20,0.278339,0.293937,0.260763,0.260763,0.260763,127523825
2022-01-21,0.261007,0.265356,0.205844,0.215656,0.215656,546982473
2022-01-22,0.215706,0.222103,0.157042,0.181293,0.181293,675722780
2022-01-23,0.181395,0.201016,0.179999,0.196520,0.196520,466942528
2022-01-24,0.196537,0.196537,0.161738,0.184660,0.184660,549416099
2022-01-25,0.184717,0.196138,0.175691,0.187187,0.187187,379146218
2022-01-26,0.187242,0.230330,0.185466,0.210329,0.210329,755664627
2022-01-27,0.210288,0.212873,0.179192,0.189250,0.189250,475754166
2022-01-28,0.189058,0.193253,0.180764,0.189423,0.189423,348024430
2022-01-29,0.189587,0.199737,0.188438,0.192008,0.192008,327630555
2022-01-30,0.192131,0.209813,0.187068,0.190034,0.190034,528539538
2022-01-31,0.190021,0.199759,0.181008,0.197982,0.197982,388383730
2022-02-01,0.197970,0.209567,0.196664,0.204796,0.204796,460971384
2022-02-02,0.205018,0.207086,0.183947,0.187463,0.187463,380183422
2022-02-03,0.187162,0.187226,0.179922,0.186711,0.186711,370078680
2022-02-04,0.186551,0.203738,0.185214,0.201793,0.201793,384477798
2022-02-05,0.201811,0.295447,0.201354,0.290779,0.290779,1751194709
2022-02-06,0.291412,0.355357,0.290257,0.320410,0.320410,2305633861
2022-02-07,0.319632,0.382515,0.303118,0.348380,0.348380,2116523384
2022-02-08,0.348539,0.380127,0.321844,0.380127,0.380127,1718633469
2022-02-09,0.380119,0.392785,0.353156,0.357714,0.357714,1425846640
2022-02-10,0.357738,0.369361,0.325923,0.327424,0.327424,1525745608
2022-02-11,0.327807,0.348025,0.302267,0.305628,0.305628,1233610179
2022-02-12,0.305741,0.320298,0.293668,0.309371,0.309371,1072406349
2022-02-13,0.309205,0.314939,0.277641,0.282406,0.282406,801124017
2022-02-14,0.282000,0.304819,0.276006,0.295648,0.295648,1082034530
2022-02-15,0.295268,0.357624,0.294799,0.354729,0.354729,1991310109
2022-02-16,0.354821,0.355684,0.323592,0.332592,0.332592,1385426186
2022-02-17,0.332277,0.339799,0.296794,0.300684,0.300684,1309352562
2022-02-18,0.301105,0.311742,0.288597,0.289855,0.289855,1132224846
2022-02-19,0.289800,0.301288,0.277411,0.281461,0.281461,794312359
2022-02-20,0.281407,0.281864,0.246390,0.250799,0.250799,1041266855
2022-02-21,0.250567,0.274519,0.223733,0.223987,0.223987,1463473909
2022-02-22,0.224008,0.243559,0.215799,0.242223,0.242223,1337780775
2022-02-23,0.242125,0.251009,0.217572,0.219097,0.219097,1302049574
2022-02-24,0.219179,0.239147,0.194069,0.228706,0.228706,2163942703
2022-02-25,0.228701,0.266384,0.226073,0.257904,0.257904,1787229327
2022-02-26,0.257965,0.267098,0.246548,0.248557,0.248557,1112345432
2022-02-27,0.248537,0.253170,0.230373,0.232092,0.232092,983494064
2022-02-28,0.232000,0.261016,0.224254,0.260359,0.260359,1215648009
2022-03-01,0.260444,0.275024,0.250404,0.257892,0.257892,1671150120
2022-03-02,0.257965,0.266877,0.250291,0.254492,0.254492,1180353082
2022-03-03,0.254502,0.259135,0.241684,0.243432,0.243432,788380762
2022-03-04,0.243486,0.243832,0.220182,0.222469,0.222469,788417323
2022-03-05,0.222597,0.232558,0.213915,0.231347,0.231347,546896952
2022-03-06,0.231428,0.236735,0.215923,0.216807,0.216807,604109494
2022-03-07,0.216537,0.228980,0.210390,0.215510,0.215510,720887645
2022-03-08,0.215482,0.230149,0.213993,0.219736,0.219736,740575947
2022-03-09,0.219766,0.238982,0.218671,0.233547,0.233547,776248477
2022-03-10,0.233408,0.233408,0.213524,0.217007,0.217007,582326786
2022-03-11,0.216992,0.222242,0.211045,0.211925,0.211925,536110299
2022-03-12,0.211944,0.218622,0.211713,0.214059,0.214059,355309661
2022-03-13,0.213994,0.241015,0.212509,0.217451,0.217451,1109473026
2022-03-14,0.217375,0.224191,0.214585,0.219624,0.219624,647847586
2022-03-15,0.219608,0.223104,0.213066,0.215202,0.215202,498174988
2022-03-16,0.215183,0.239644,0.214366,0.239292,0.239292,888995399
2022-03-17,0.239258,0.241181,0.225138,0.227332,0.227332,707580770
2022-03-18,0.227273,0.232508,0.218397,0.231066,0.231066,619380492
2022-03-19,0.230907,0.256891,0.227822,0.249314,0.249314,1038950985
2022-03-20,0.249258,0.255384,0.229862,0.233561,0.233561,817199631
2022-03-21,0.233587,0.238490,0.225350,0.235994,0.235994,714767026
2022-03-22,0.236066,0.254301,0.235724,0.241125,0.241125,988607595
2022-03-23,0.241135,0.251144,0.237045,0.249411,0.249411,833433163
2022-03-24,0.249459,0.259611,0.246553,0.252762,0.252762,1084186548
2022-03-25,0.252874,0.265550,0.243580,0.244954,0.244954,897538652
2022-03-26,0.245042,0.253583,0.243334,0.251500,0.251500,424454791
2022-03-27,0.251506,0.263771,0.246350,0.263366,0.263366,498283902
2022-03-28,0.263379,0.290052,0.261103,0.263187,0.263187,1136221840
2022-03-29,0.263023,0.281524,0.262706,0.271686,0.271686,842785593
2022-03-30,0.271638,0.283192,0.259268,0.271764,0.271764,753408184
2022-03-31,0.271734,0.285588,0.251455,0.253738,0.253738,851063397
2022-04-01,0.253983,0.266686,0.242078,0.261720,0.261720,755285380
2022-04-02,0.261715,0.276998,0.254957,0.255042,0.255042,646539673
2022-04-03,0.254951,0.268922,0.250861,0.265493,0.265493,460658625
2022-04-04,0.265552,0.266167,0.245609,0.256620,0.256620,476792910
2022-04-05,0.256658,0.262842,0.248313,0.248399,0.248399,429523711
2022-04-06,0.248362,0.248843,0.219322,0.219623,0.219623,604448012
2022-04-07,0.219691,0.231144,0.217188,0.228244,0.228244,376958310
2022-04-08,0.228282,0.231089,0.211733,0.213596,0.213596,328120742
2022-04-09,0.213586,0.226488,0.212594,0.225967,0.225967,235309430
2022-04-10,0.225985,0.226690,0.215618,0.215618,0.215618,229842320
2022-04-11,0.215559,0.218001,0.191154,0.192167,0.192167,453140326
2022-04-12,0.192378,0.206930,0.191926,0.201844,0.201844,370884729
2022-04-13,0.201808,0.207925,0.197885,0.206942,0.206942,285551406
2022-04-14,0.206897,0.210067,0.195992,0.197809,0.197809,350607176
2022-04-15,0.197817,0.202274,0.197700,0.201627,0.201627,223308236
2022-04-16,0.201614,0.204874,0.199849,0.203002,0.203002,191501885
2022-04-17,0.202948,0.203867,0.191642,0.192527,0.192527,218778705
2022-04-18,0.192544,0.196164,0.183414,0.194831,0.194831,392588747
2022-04-19,0.194843,0.202372,0.192547,0.199655,0.199655,396913402
2022-04-20,0.199646,0.209426,0.192148,0.195760,0.195760,549226011
2022-04-21,0.195764,0.201797,0.186816,0.189511,0.189511,425083968
2022-04-22,0.189483,0.193788,0.187122,0.192364,0.192364,323134178
2022-04-23,0.192397,0.192703,0.185809,0.188059,0.188059,208355133
2022-04-24,0.188008,0.189328,0.185159,0.186388,0.186388,195738483
2022-04-25,0.186513,0.186705,0.171148,0.182596,0.182596,395332898
2022-04-26,0.182521,0.184769,0.163012,0.164136,0.164136,285749201
2022-04-27,0.164162,0.173754,0.163818,0.173106,0.173106,239566376
2022-04-28,0.173074,0.174232,0.165829,0.169050,0.169050,267376986
2022-04-29,0.169057,0.171273,0.153042,0.155060,0.155060,282544836
2022-04-30,0.155026,0.157556,0.122148,0.131577,0.131577,317001877
2022-05-01,0.131585,0.144421,0.130453,0.142995,0.142995,365481148
2022-05-02,0.142961,0.143531,0.132827,0.135767,0.135767,287554794
2022-05-03,0.135736,0.143841,0.133247,0.136484,0.136484,268221785
2022-05-04,0.136496,0.164776,0.136383,0.161759,0.161759,528378434
2022-05-05,0.161733,0.163214,0.133808,0.139253,0.139253,512789112
2022-05-06,0.139194,0.147492,0.133662,0.143967,0.143967,453701344
2022-05-07,0.143928,0.147715,0.131804,0.135665,0.135665,286842252
2022-05-08,0.135691,0.136785,0.128985,0.130415,0.130415,263203532
2022-05-09,0.130499,0.133080,0.105922,0.105922,0.105922,428903394
2022-05-10,0.105124,0.123854,0.101861,0.109259,0.109259,624565417
2022-05-11,0.109096,0.112252,0.059322,0.064955,0.064955,687420807
2022-05-12,0.065042,0.072439,0.049440,0.068496,0.068496,580829285
2022-05-13,0.068429,0.104516,0.066733,0.091707,0.091707,1229319828
2022-05-14,0.091733,0.104283,0.082009,0.100493,0.100493,682619026
2022-05-15,0.100384,0.102641,0.090645,0.100559,0.100559,457258672
2022-05-16,0.100515,0.100515,0.084898,0.085749,0.085749,410781093
2022-05-17,0.085782,0.092545,0.084134,0.089395,0.089395,285420380
2022-05-18,0.089398,0.090612,0.077162,0.077472,0.077472,280051783
2022-05-19,0.077476,0.086901,0.074986,0.086073,0.086073,347177829
2022-05-20,0.086047,0.087283,0.077724,0.082270,0.082270,340678255
2022-05-21,0.082248,0.086224,0.079589,0.085824,0.085824,241887561
2022-05-22,0.085826,0.086052,0.081669,0.085332,0.085332,218479358
2022-05-23,0.085245,0.090867,0.079589,0.079958,0.079958,296629567
2022-05-24,0.079996,0.084277,0.077027,0.083475,0.083475,233294022
2022-05-25,0.083459,0.084261,0.079375,0.080095,0.080095,230182753
2022-05-26,0.080107,0.082951,0.071249,0.073352,0.073352,318311195
2022-05-27,0.073345,0.074196,0.068106,0.070060,0.070060,241643345
2022-05-28,0.071799,0.073157,0.069643,0.072521,0.072521,147186189
2022-05-29,0.072509,0.078642,0.070231,0.078497,0.078497,175433181
2022-05-30,0.078496,0.084930,0.077043,0.084055,0.084055,303858876
2022-05-31,0.084041,0.087776,0.079515,0.082882,0.082882,343719818
2022-06-01,0.082919,0.083688,0.072305,0.073709,0.073709,317927282
2022-06-02,0.073687,0.077432,0.072497,0.076400,0.076400,211911875
2022-06-03,0.076406,0.076975,0.070792,0.073690,0.073690,184529193
2022-06-04,0.073703,0.075892,0.071129,0.074549,0.074549,144859415
2022-06-05,0.074553,0.076307,0.072715,0.074560,0.074560,112805003
2022-06-06,0.074573,0.088749,0.074521,0.088047,0.088047,272266735
2022-06-07,0.088055,0.089986,0.077224,0.078414,0.078414,588308305
2022-06-08,0.078396,0.082003,0.074927,0.075112,0.075112,286286470
2022-06-09,0.075113,0.077996,0.074258,0.075966,0.075966,158966752
2022-06-10,0.075977,0.076253,0.068832,0.069134,0.069134,209832604
2022-06-11,0.069141,0.071155,0.061622,0.062528,0.062528,181216788
2022-06-12,0.062552,0.063780,0.056283,0.057616,0.057616,227639464
2022-06-13,0.057577,0.063745,0.050768,0.059499,0.059499,459797710
2022-06-14,0.059656,0.066295,0.055052,0.061076,0.061076,479880726
2022-06-15,0.061057,0.065329,0.053696,0.065329,0.065329,385140747
2022-06-16,0.065249,0.066204,0.054236,0.055073,0.055073,237327338
2022-06-17,0.055102,0.057763,0.054961,0.056878,0.056878,144387907
2022-06-18,0.056861,0.057758,0.049996,0.053404,0.053404,200507652
2022-06-19,0.053395,0.056701,0.050628,0.056219,0.056219,183873492
2022-06-20,0.056216,0.057840,0.052969,0.056568,0.056568,183151871
2022-06-21,0.056571,0.061055,0.055492,0.056030,0.056030,210651523
2022-06-22,0.056077,0.057253,0.053724,0.054180,0.054180,176366737
2022-06-23,0.054179,0.058184,0.054178,0.057761,0.057761,180975505
2022-06-24,0.057752,0.063149,0.057719,0.062090,0.062090,225053161
2022-06-25,0.062087,0.069622,0.058658,0.069047,0.069047,313500201
2022-06-26,0.069013,0.070121,0.060314,0.060525,0.060525,249523436
2022-06-27,0.060532,0.063787,0.059228,0.059970,0.059970,170524348
2022-06-28,0.059963,0.062069,0.056438,0.056656,0.056656,171661253
2022-06-29,0.056658,0.058246,0.055229,0.056222,0.056222,166573845
2022-06-30,0.056259,0.056515,0.050834,0.054406,0.054406,203990172
2022-07-01,0.054450,0.055299,0.051223,0.051639,0.051639,187214509
2022-07-02,0.051716,0.054150,0.051048,0.053247,0.053247,135547779
2022-07-03,0.053252,0.053731,0.051710,0.053000,0.053000,103348283
2022-07-04,0.053008,0.055564,0.051570,0.055318,0.055318,148017069
2022-07-05,0.055308,0.056056,0.051707,0.053212,0.053212,196118185
2022-07-06,0.053245,0.055043,0.052246,0.054181,0.054181,171477910
2022-07-07,0.054180,0.057954,0.054180,0.057072,0.057072,197686033
2022-07-08,0.057072,0.058585,0.053676,0.054149,0.054149,212696017
2022-07-09,0.054163,0.055881,0.053853,0.055486,0.055486,147560155
2022-07-10,0.055484,0.055484,0.052424,0.053148,0.053148,142036735
2022-07-11,0.053119,0.053119,0.047377,0.048112,0.048112,191338162
2022-07-12,0.048115,0.049428,0.047140,0.047314,0.047314,165949402
2022-07-13,0.047293,0.049648,0.044717,0.048836,0.048836,236382662
2022-07-14,0.048831,0.050336,0.046739,0.049518,0.049518,188940179
2022-07-15,0.049519,0.050760,0.048503,0.049593,0.049593,190872549
2022-07-16,0.049583,0.051563,0.048208,0.050846,0.050846,150956769
2022-07-17,0.050854,0.053395,0.050162,0.050694,0.050694,196108446
2022-07-18,0.050683,0.057783,0.050683,0.056030,0.056030,330267420
2022-07-19,0.055973,0.061332,0.054934,0.058349,0.058349,507389371
2022-07-20,0.058353,0.061525,0.053150,0.053683,0.053683,419471872
2022-07-21,0.053680,0.054649,0.051598,0.054181,0.054181,264979837
2022-07-22,0.054183,0.056162,0.051848,0.052312,0.052312,267785292
2022-07-23,0.052286,0.055217,0.051633,0.053817,0.053817,246760076
2022-07-24,0.053816,0.054874,0.052795,0.052998,0.052998,192909510
2022-07-25,0.052979,0.053200,0.047514,0.047521,0.047521,238869886
2022-07-26,0.047529,0.047963,0.045801,0.047635,0.047635,213394473
2022-07-27,0.047654,0.051252,0.046573,0.051252,0.051252,269405771
2022-07-28,0.051298,0.053792,0.049673,0.053255,0.053255,362950801
2022-07-29,0.053247,0.057252,0.052884,0.054900,0.054900,475255823
2022-07-30,0.054907,0.060583,0.054881,0.055554,0.055554,492728731
2022-07-31,0.055596,0.062979,0.055389,0.057098,0.057098,520789297
2022-08-01,0.057094,0.065202,0.055590,0.064806,0.064806,686241892
2022-08-02,0.064787,0.065203,0.058136,0.059511,0.059511,535162677
2022-08-03,0.059521,0.061654,0.057304,0.058200,0.058200,335426060
2022-08-04,0.058209,0.061475,0.057735,0.059069,0.059069,287564049
2022-08-05,0.059063,0.061372,0.058812,0.061186,0.061186,248554628
2022-08-06,0.061174,0.062152,0.059664,0.060064,0.060064,210266429
2022-08-07,0.060070,0.061617,0.058760,0.060664,0.060664,156096989
2022-08-08,0.060671,0.064045,0.060664,0.062105,0.062105,232239488
2022-08-09,0.062115,0.064490,0.058285,0.059865,0.059865,264466267
2022-08-10,0.059857,0.063852,0.058459,0.063390,0.063390,294017748
2022-08-11,0.063390,0.065115,0.061646,0.062136,0.062136,304407300
2022-08-12,0.062119,0.066085,0.061087,0.066081,0.066081,225695171
2022-08-13,0.066061,0.069829,0.065824,0.067028,0.067028,315331715
2022-08-14,0.067058,0.071328,0.066504,0.070598,0.070598,417271929
2022-08-15,0.070599,0.072532,0.065796,0.066912,0.066912,356122859
2022-08-16,0.066900,0.071727,0.065646,0.069426,0.069426,340947783
2022-08-17,0.069439,0.070885,0.062476,0.063043,0.063043,333421539
2022-08-18,0.063085,0.063877,0.057278,0.058078,0.058078,226431553
2022-08-19,0.058061,0.058086,0.051999,0.053015,0.053015,411242047
2022-08-20,0.052995,0.054202,0.050261,0.052210,0.052210,265093190
2022-08-21,0.052189,0.054644,0.051847,0.053969,0.053969,201940563
2022-08-22,0.053959,0.053986,0.050666,0.053377,0.053377,202805266
2022-08-23,0.053383,0.055175,0.051318,0.054292,0.054292,194115861
2022-08-24,0.054282,0.056394,0.052868,0.054892,0.054892,244986224
2022-08-25,0.054899,0.056752,0.054005,0.054759,0.054759,193423653
2022-08-26,0.054743,0.054765,0.049225,0.049725,0.049725,247264148
2022-08-27,0.049733,0.050981,0.049350,0.050777,0.050777,169378843
2022-08-28,0.050777,0.051859,0.049450,0.049460,0.049460,135675356
2022-08-29,0.049467,0.052424,0.049149,0.052318,0.052318,161043589
2022-08-30,0.052317,0.052959,0.049478,0.050719,0.050719,152476330
2022-08-31,0.050727,0.052169,0.050150,0.050390,0.050390,125963597
2022-09-01,0.050394,0.050669,0.048802,0.050548,0.050548,132471837
2022-09-02,0.050551,0.051317,0.049215,0.049858,0.049858,141786011
2022-09-03,0.049854,0.050401,0.049489,0.050220,0.050220,81938000
2022-09-04,0.050220,0.051771,0.050057,0.051613,0.051613,100576004
2022-09-05,0.051613,0.051953,0.049739,0.050937,0.050937,103506312
2022-09-06,0.050951,0.051912,0.047117,0.047308,0.047308,209634559
2022-09-07,0.047292,0.049297,0.046494,0.048737,0.048737,128324112
2022-09-08,0.048732,0.049235,0.047681,0.049061,0.049061,121134238
2022-09-09,0.049057,0.052895,0.049016,0.052018,0.052018,177006281
2022-09-10,0.052018,0.053135,0.051260,0.052143,0.052143,149178122
2022-09-11,0.052141,0.053511,0.050556,0.052038,0.052038,131485600
2022-09-12,0.052039,0.053047,0.050301,0.051248,0.051248,168580533
2022-09-13,0.051244,0.051569,0.047476,0.048448,0.048448,188152331
2022-09-14,0.047888,0.048995,0.047500,0.048686,0.048686,117761840
2022-09-15,0.048689,0.048702,0.046814,0.047131,0.047131,116032539
2022-09-16,0.047132,0.047973,0.046725,0.047649,0.047649,91957527
2022-09-17,0.047658,0.049203,0.047658,0.049123,0.049123,66074251
2022-09-18,0.049121,0.049121,0.040606,0.041880,0.041880,130227916
2022-09-19,0.041876,0.043557,0.041099,0.043349,0.043349,175817124
2022-09-20,0.043364,0.043487,0.041417,0.041505,0.041505,114248215
2022-09-21,0.041506,0.042967,0.039439,0.040520,0.040520,157622100
2022-09-22,0.040510,0.042500,0.040297,0.042444,0.042444,117178371
2022-09-23,0.042448,0.042760,0.040495,0.042079,0.042079,130515753
2022-09-24,0.042080,0.042643,0.041198,0.041365,0.041365,83820162
2022-09-25,0.041366,0.041845,0.040163,0.040582,0.040582,74153029
2022-09-26,0.040590,0.041042,0.039724,0.040856,0.040856,103223613
2022-09-27,0.040853,0.042246,0.039707,0.040285,0.040285,129931012
2022-09-28,0.040282,0.040607,0.038653,0.040172,0.040172,106797618
2022-09-29,0.040176,0.040925,0.039448,0.040895,0.040895,90196728
2022-09-30,0.040889,0.041101,0.040065,0.040543,0.040543,111533658